elemento,dist_cm,error_vs_161_1
Elemento_1,167.76843585579888,
Elemento_2,86.40405414080126,
Elemento_3,132.46366917336135,
VALIDACION_MESA,155.99247397214026,-5.107526027859734
