elemento,dist_cm,error_vs_161_1
Elemento_1,169.26130722700623,
Elemento_2,66.5207407505822,
Elemento_3,68.14290139332017,
VALIDACION_MESA,146.09456508329362,-15.005434916706378
