elemento,dist_cm,error_vs_161_1
Elemento_1,156.2954696999556,
Elemento_2,81.81455062793626,
Elemento_3,122.9912474473562,
VALIDACION_MESA,142.93408111081632,-18.165918889183672
